Workbook

Sheet Assumptions
A1: ASSUMPTIONS
A3: Initial Share Structure
A4: Total Initial Shares | B4: 8000000
A5: Founder 1 Initial % | B5: 0.625
A6: Founder 2 Initial % | B6: 0.25
A7: Initial Option Pool % | B7: 0.125
A9: Seed Round
A10: Pre-Money Valuation | B10: 8000000
A11: Investment Amount | B11: 2000000
A12: Option Pool Refresh % (Post-Money) | B12: 0.1
A14: Series A Round
A15: Pre-Money Valuation | B15: 40000000
A16: Investment Amount | B16: 10000000
A17: Option Pool Refresh % (Post-Money) | B17: 0.1
A19: Series B Round
A20: Pre-Money Valuation | B20: 120000000
A21: Investment Amount | B21: 30000000
A22: Option Pool Refresh % (Post-Money) | B22: 0.1

Sheet Pre-Money Structure
A1: PRE-MONEY STRUCTURE (INITIAL)
A3: Stakeholder | B3: Shares | C3: Ownership %
A4: Founder 1 | B4: =Assumptions!B4*Assumptions!B3 | C4: =Assumptions!B4
A5: Founder 2 | B5: =Assumptions!B5*Assumptions!B3 | C5: =Assumptions!B5
A6: Option Pool (Employees) | B6: =Assumptions!B6*Assumptions!B3 | C6: =Assumptions!B6
A7: TOTAL | B7: =Assumptions!B3 | C7: =SUM(C4:C6)

Sheet Post-Seed
A1: POST-SEED ROUND
A3: Pre-Money Valuation | B3: =Assumptions!B9
A4: Pre-Money Shares | B4: ='Pre-Money Structure'!B7
A5: Price per Share | B5: =IF(OR(B4=0,B4=""),0,B3/B4)
A6: Investment Amount | B6: =Assumptions!B10
A7: New Shares Issued | B7: =IF(OR(B5=0,B5=""),0,B6/B5)
A8: Post-Money Valuation | B8: =B3+B6
A9: Option Pool Refresh % | B9: =Assumptions!B11
A10: Pool Refresh Shares | B10: =IFERROR(IF(OR(B8>=1,B8=""),0,IF(OR(B4=0,B7=0,B4="",B7=""),0,(B4+B7)*B8/MAX(0.0001,1-B8))),0)
A11: Post-Money Shares | B11: =B4+B7+B9
A12: Founder 1 | B12: ='Pre-Money Structure'!B4 | C12: 0 | D12: =B12 | E12: =IF(OR(B10=0,B10=""),0,D12/B10)
A13: Founder 2 | B13: ='Pre-Money Structure'!B5 | C13: 0 | D13: =B13 | E13: =IF(OR(B10=0,B10=""),0,D13/B10)
A14: Option Pool (Employees) | B14: ='Pre-Money Structure'!B6 | C14: =B9 | D14: =B14+C14 | E14: =IF(OR(B10=0,B10=""),0,D14/B10)
A15: Seed Investors | B15: 0 | C15: =B7 | D15: =B15+C15 | E15: =IF(OR(B10=0,B10=""),0,D15/B10)
A16: TOTAL | B16: =SUM(B12:B15) | C16: =SUM(C12:C15) | D16: =B10 | E16: =SUM(E12:E15)

Sheet Post-Series A
A1: POST-SERIES A ROUND
A3: Pre-Money Valuation | B3: =Assumptions!B14
A4: Pre-Money Shares | B4: ='Post-Seed'!B10
A5: Price per Share | B5: =IF(OR(B4=0,B4=""),0,B3/B4)
A6: Investment Amount | B6: =Assumptions!B15
A7: New Shares Issued | B7: =IF(OR(B5=0,B5=""),0,B6/B5)
A8: Post-Money Valuation | B8: =B3+B6
A9: Option Pool Refresh % | B9: =Assumptions!B16
A10: Pool Refresh Shares | B10: =IFERROR(IF(OR(B8>=1,B8=""),0,IF(OR(B4=0,B7=0,B4="",B7=""),0,(B4+B7)*B8/MAX(0.0001,1-B8))),0)
A11: Post-Money Shares | B11: =B4+B7+B9
A12: Founder 1 | B12: ='Post-Seed'!D12 | C12: 0 | D12: =B12 | E12: =IF(OR(B10=0,B10=""),0,D12/B10)
A13: Founder 2 | B13: ='Post-Seed'!D13 | C13: 0 | D13: =B13 | E13: =IF(OR(B10=0,B10=""),0,D13/B10)
A14: Option Pool (Employees) | B14: ='Post-Seed'!D14 | C14: =B9 | D14: =B14+C14 | E14: =IF(OR(B10=0,B10=""),0,D14/B10)
A15: Seed Investors | B15: ='Post-Seed'!D15 | C15: 0 | D15: =B15 | E15: =IF(OR(B10=0,B10=""),0,D15/B10)
A16: Series A Investors | B16: 0 | C16: =B7 | D16: =B16+C16 | E16: =IF(OR(B10=0,B10=""),0,D16/B10)
A17: TOTAL | B17: =SUM(B12:B16) | C17: =SUM(C12:C16) | D17: =B10 | E17: =SUM(E12:E16)

Sheet Post-Series B
A1: POST-SERIES B ROUND
A3: Pre-Money Valuation | B3: =Assumptions!B19
A4: Pre-Money Shares | B4: ='Post-Series A'!B10
A5: Price per Share | B5: =IF(OR(B4=0,B4=""),0,B3/B4)
A6: Investment Amount | B6: =Assumptions!B20
A7: New Shares Issued | B7: =IF(OR(B5=0,B5=""),0,B6/B5)
A8: Post-Money Valuation | B8: =B3+B6
A9: Option Pool Refresh % | B9: =Assumptions!B21
A10: Pool Refresh Shares | B10: =IFERROR(IF(OR(B8>=1,B8=""),0,IF(OR(B4=0,B7=0,B4="",B7=""),0,(B4+B7)*B8/MAX(0.0001,1-B8))),0)
A11: Post-Money Shares | B11: =B4+B7+B9
A12: Founder 1 | B12: ='Post-Series A'!D12 | C12: 0 | D12: =B12 | E12: =IF(OR(B10=0,B10=""),0,D12/B10)
A13: Founder 2 | B13: ='Post-Series A'!D13 | C13: 0 | D13: =B13 | E13: =IF(OR(B10=0,B10=""),0,D13/B10)
A14: Option Pool (Employees) | B14: ='Post-Series A'!D14 | C14: =B9 | D14: =B14+C14 | E14: =IF(OR(B10=0,B10=""),0,D14/B10)
A15: Seed Investors | B15: ='Post-Series A'!D15 | C15: 0 | D15: =B15 | E15: =IF(OR(B10=0,B10=""),0,D15/B10)
A16: Series A Investors | B16: ='Post-Series A'!D16 | C16: 0 | D16: =B16 | E16: =IF(OR(B10=0,B10=""),0,D16/B10)
A17: Series B Investors | B17: 0 | C17: =B7 | D17: =B17+C17 | E17: =IF(OR(B10=0,B10=""),0,D17/B10)
A18: TOTAL | B18: =SUM(B12:B17) | C18: =SUM(C12:C17) | D18: =B10 | E18: =SUM(E12:E17)

Sheet Summary
A1: OWNERSHIP SUMMARY BY ROUND
A3: Stakeholder Class | B3: Pre-Money | C3: Post-Seed | D3: Post-Series A | E3: Post-Series B
A4: Founders | B4: ='Pre-Money Structure'!C4+'Pre-Money Structure'!C5 | C4: ='Post-Seed'!E12+'Post-Seed'!E13 | D4: ='Post-Series A'!E12+'Post-Series A'!E13 | E4: ='Post-Series B'!E12+'Post-Series B'!E13
A5: Employees (Option Pool) | B5: ='Pre-Money Structure'!C6 | C5: ='Post-Seed'!E14 | D5: ='Post-Series A'!E14 | E5: ='Post-Series B'!E14
A6: Seed Investors | B6: 0 | C6: ='Post-Seed'!E15 | D6: ='Post-Series A'!E15 | E6: ='Post-Series B'!E15
A7: Series A Investors | B7: 0 | C7: 0 | D7: ='Post-Series A'!E16 | E7: ='Post-Series B'!E16
A8: Series B Investors | B8: 0 | C8: 0 | D8: 0 | E8: ='Post-Series B'!E17
A9: TOTAL | B9: =SUM(B4:B8) | C9: =SUM(C4:C8) | D9: =SUM(D4:D8) | E9: =SUM(E4:E8)
